{
    "interactionModel": {
        "languageModel": {
            "invocationName": "audio player",
            "intents": [{
                    "name": "AMAZON.CancelIntent",
                    "slots": [],
                    "samples": []
                },
                {
                    "name": "AMAZON.HelpIntent",
                    "slots": [],
                    "samples": []
                },
                {
                    "name": "AMAZON.StopIntent",
                    "slots": [],
                    "samples": []
                },
                {
                    "name": "SearchTopic",
                    "slots": [{
                        "name": "mySearchTopic",
                        "type": "ECONOMIST_SearchTopic"
                    }],
                    "samples": [
                        "{mySearchTopic}",
                        "get me the latest {mySearchTopic}",
                        "get me the latest on {mySearchTopic}",
                        "ask the economist for the latest on {mySearchTopic}",
                        "search by topic"
                    ]
                },
                {
                    "name": "Highlight",
                    "samples": [
                        "listen to the highlight",
                        "start the highlights",
                        "this week's highlight",
                        "highlight"
                    ]
                },
                {
                    "name": "AMAZON.PauseIntent",
                    "slots": [],
                    "samples": []
                },
                {
                    "name": "AMAZON.ResumeIntent",
                    "slots": [],
                    "samples": []
                },
                {
                    "name": "AMAZON.PreviousIntent",
                    "slots": [],
                    "samples": []
                },
                {
                    "name": "AMAZON.StartOverIntent",
                    "slots": [],
                    "samples": []
                },
                {
                    "name": "AMAZON.YesIntent",
                    "slots": [],
                    "samples": []
                },
                {
                    "name": "AMAZON.NoIntent",
                    "slots": [],
                    "samples": []
                },
                {
                    "name": "AMAZON.NextIntent",
                    "slots": [],
                    "samples": []
                }
            ],
            "types": [{
                "name": "ECONOMIST_SearchTopic",
                "values": [{
                        "name": {
                            "value": "european union"
                        }
                    },
                    {
                        "name": {
                            "value": "business enterprise"
                        }
                    },
                    {
                        "name": {
                            "value": "europe"
                        }
                    },
                    {
                        "name": {
                            "value": "london"
                        }
                    },
                    {
                        "name": {
                            "value": "donald trump"
                        }
                    },
                    {
                        "name": {
                            "value": "china"
                        }
                    },
                    {
                        "name": {
                            "value": "united states"
                        }
                    },
                    {
                        "name": {
                            "value": "united kingdom"
                        }
                    },
                    {
                        "name": {
                            "value": "germany"
                        }
                    }
                ]
            }]
        }
    }
}